timestamp,datetime,filename,sequence_number,sample_rate,audio_duration_seconds,decimated_rate,frequency_peak_hz,rpm,engine_status,processing_time_ms,buffer_size_samples,peak_amplitude,notes
1752918206027,2025-07-19 11:43:26.027,Rec000001.wav,0,44100,5.0,500,69.0,2070.0,1,3.56,2500,14711790.63904,Events per cycle: 2
1752918208032,2025-07-19 11:43:28.032,Rec000002.wav,1,44100,5.0,500,69.3,2079.0,1,8.18,5000,23361471.701674,Events per cycle: 2
1752918210037,2025-07-19 11:43:30.037,Rec000003.wav,2,44100,5.0,500,69.3,2079.0,1,2.41,5000,30684618.311819,Events per cycle: 2
1752918212042,2025-07-19 11:43:32.042,Rec000004.wav,3,44100,5.0,500,69.3,2079.0,1,10.6,5000,27788518.853249,Events per cycle: 2
1752918214046,2025-07-19 11:43:34.046,Rec000005.wav,4,44100,5.0,500,69.1,2073.0,1,11.61,5000,16025726.203367,Events per cycle: 2
1752918216049,2025-07-19 11:43:36.049,Rec000006.wav,5,44100,5.0,500,69.5,2085.0,1,12.76,5000,15103451.206143,Events per cycle: 2
1752918218055,2025-07-19 11:43:38.055,Rec000007.wav,6,44100,5.0,500,69.6,2088.0,1,2.99,5000,18065890.265622,Events per cycle: 2
1752918220060,2025-07-19 11:43:40.060,Rec000008.wav,7,44100,5.0,500,70.0,2100.0,1,10.44,5000,21525437.108211,Events per cycle: 2
1752918222062,2025-07-19 11:43:42.062,Rec000009.wav,8,44100,5.0,500,70.3,2109.0,1,12.86,5000,23500453.912012,Events per cycle: 2
1752918224064,2025-07-19 11:43:44.064,Rec000010.wav,9,44100,5.0,500,70.4,2112.0,1,12.04,5000,24074682.51447,Events per cycle: 2
1752918226065,2025-07-19 11:43:46.065,Rec000011.wav,10,44100,5.0,500,70.0,2100.0,1,12.3,5000,28216412.144425,Events per cycle: 2
1752918228070,2025-07-19 11:43:48.070,Rec000014.wav,11,44100,5.0,500,70.1,2103.0,1,4.13,5000,30732331.595153,Events per cycle: 2
1752918230075,2025-07-19 11:43:50.075,Rec000015.wav,12,44100,5.0,500,70.1,2103.0,1,11.07,5000,29061135.075286,Events per cycle: 2
1752918232081,2025-07-19 11:43:52.081,Rec000017.wav,13,44100,5.0,500,70.6,2118.0,1,12.5,5000,19211932.671217,Events per cycle: 2
1752918234086,2025-07-19 11:43:54.086,Rec000019.wav,14,44100,5.0,500,68.2,2046.0,1,12.95,5000,24688075.197443,Events per cycle: 2
1752918236092,2025-07-19 11:43:56.092,Rec000020.wav,15,44100,5.0,500,68.2,2046.0,1,2.21,5000,28424532.240308,Events per cycle: 2
1752918238093,2025-07-19 11:43:58.093,Rec000021.wav,16,44100,5.0,500,68.1,2043.0,1,3.28,5000,34522096.015878,Events per cycle: 2
1752918240098,2025-07-19 11:44:00.098,Rec000022.wav,17,44100,5.0,500,68.4,2052.0,1,7.59,5000,36673490.917023,Events per cycle: 2
1752918242099,2025-07-19 11:44:02.099,Rec000023.wav,18,44100,5.0,500,68.4,2052.0,1,9.68,5000,26944348.721629,Events per cycle: 2
1752918244103,2025-07-19 11:44:04.103,Rec000024.wav,19,44100,5.0,500,68.4,2052.0,1,14.52,5000,26217506.293633,Events per cycle: 2
1752918246104,2025-07-19 11:44:06.104,Rec000025.wav,20,44100,5.0,500,68.4,2052.0,1,11.33,5000,30048274.015392,Events per cycle: 2
1752918248110,2025-07-19 11:44:08.110,Rec000026.wav,21,44100,5.0,500,68.4,2052.0,1,3.0,5000,34504999.632555,Events per cycle: 2
1752918250115,2025-07-19 11:44:10.115,Rec000028.wav,22,44100,5.0,500,68.6,2058.0,1,11.59,5000,42299108.030765,Events per cycle: 2
1752918252121,2025-07-19 11:44:12.121,Rec000029.wav,23,44100,5.0,500,68.5,2055.0,1,11.93,5000,38776852.235211,Events per cycle: 2
1752918254127,2025-07-19 11:44:14.127,Rec000030.wav,24,44100,5.0,500,68.6,2058.0,1,11.2,5000,30859009.49062,Events per cycle: 2
1752918256132,2025-07-19 11:44:16.132,Rec000031.wav,25,44100,5.0,500,68.8,2064.0,1,11.17,5000,33871596.261115,Events per cycle: 2
1752918258138,2025-07-19 11:44:18.138,Rec000032.wav,26,44100,5.0,500,68.8,2064.0,1,3.52,5000,38489388.546821,Events per cycle: 2
1752918260143,2025-07-19 11:44:20.143,Rec000033.wav,27,44100,5.0,500,68.9,2067.0,1,12.98,5000,34892009.933596,Events per cycle: 2
1752918262148,2025-07-19 11:44:22.148,Rec000034.wav,28,44100,5.0,500,68.4,2052.0,1,2.31,5000,25655808.534977,Events per cycle: 2
1752918264153,2025-07-19 11:44:24.153,Rec000035.wav,29,44100,5.0,500,69.1,2073.0,1,10.94,5000,28208114.111022,Events per cycle: 2
1752918266156,2025-07-19 11:44:26.156,Rec000036.wav,30,44100,5.0,500,68.9,2067.0,1,11.63,5000,32954295.290614,Events per cycle: 2
1752918268162,2025-07-19 11:44:28.162,Rec000037.wav,31,44100,5.0,500,68.8,2064.0,1,3.58,5000,39890853.525487,Events per cycle: 2
1752918270167,2025-07-19 11:44:30.167,Rec000039.wav,32,44100,5.0,500,68.8,2064.0,1,6.31,5000,25729656.976981,Events per cycle: 2
1752918272172,2025-07-19 11:44:32.172,Rec000040.wav,33,44100,5.0,500,69.6,2088.0,1,11.7,5000,33420693.693516,Events per cycle: 2
1752918274176,2025-07-19 11:44:34.176,Rec000041.wav,34,44100,5.0,500,69.1,2073.0,1,14.17,5000,27547487.484097,Events per cycle: 2
1752918276182,2025-07-19 11:44:36.182,Rec000042.wav,35,44100,5.0,500,69.1,2073.0,1,9.32,5000,35417419.145728,Events per cycle: 2
1752918278185,2025-07-19 11:44:38.185,Rec000043.wav,36,44100,5.0,500,69.1,2073.0,1,3.81,5000,41955983.491378,Events per cycle: 2
1752918280190,2025-07-19 11:44:40.190,Rec000044.wav,37,44100,5.0,500,69.3,2079.0,1,11.76,5000,30140425.268089,Events per cycle: 2
1752918282195,2025-07-19 11:44:42.195,Rec000045.wav,38,44100,5.0,500,69.3,2079.0,1,3.57,5000,43086716.254586,Events per cycle: 2
1752918284196,2025-07-19 11:44:44.196,Rec000046.wav,39,44100,5.0,500,69.4,2082.0,1,3.6,5000,42687136.779782,Events per cycle: 2
1752918286202,2025-07-19 11:44:46.202,Rec000047.wav,40,44100,5.0,500,68.9,2067.0,1,12.07,5000,31389727.054791,Events per cycle: 2
1752918288205,2025-07-19 11:44:48.205,Rec000050.wav,41,44100,5.0,500,68.9,2067.0,1,2.39,5000,25218966.982015,Events per cycle: 2
1752918290210,2025-07-19 11:44:50.210,Rec000051.wav,42,44100,5.0,500,69.2,2076.0,1,11.22,5000,24004428.092884,Events per cycle: 2
1752918294221,2025-07-19 11:44:54.221,Rec000061.wav,44,44100,5.0,500,69.3,2079.0,1,10.75,5000,23110213.600636,Events per cycle: 2
1752918296225,2025-07-19 11:44:56.225,Rec000062.wav,45,44100,5.0,500,69.7,2091.0,1,7.12,5000,33831661.145628,Events per cycle: 2
1752918298231,2025-07-19 11:44:58.231,Rec000063.wav,46,44100,5.0,500,69.6,2088.0,1,4.15,5000,41262786.645509,Events per cycle: 2
1752918300236,2025-07-19 11:45:00.236,Rec000064.wav,47,44100,5.0,500,69.5,2085.0,1,10.86,5000,38230762.488949,Events per cycle: 2
1752918302242,2025-07-19 11:45:02.242,Rec000065.wav,48,44100,5.0,500,69.5,2085.0,1,11.13,5000,35234350.976882,Events per cycle: 2
1752918304245,2025-07-19 11:45:04.245,Rec000001.wav,49,44100,5.0,500,69.2,2076.0,1,10.26,5000,30617220.233793,Events per cycle: 2
1752918306247,2025-07-19 11:45:06.247,Rec000002.wav,50,44100,5.0,500,69.3,2079.0,1,9.27,5000,23356217.252106,Events per cycle: 2
