filename,filepath,timestamp,sample_rate,duration_seconds,rpm,engine_state,frequency_peak,decimated_rate
Rec000001.wav,./recordings/Rec000001.wav,1752872923.1968079,44100,5.0,2070.0,1,69.0,500
Rec000002.wav,./recordings/Rec000002.wav,1752872923.197501,44100,5.0,2079.0,1,69.3,500
Rec000003.wav,./recordings/Rec000003.wav,1752872923.198267,44100,5.0,2079.0,1,69.3,500
Rec000004.wav,./recordings/Rec000004.wav,1752872923.199193,44100,5.0,2079.0,1,69.3,500
Rec000005.wav,./recordings/Rec000005.wav,1752872923.2006822,44100,5.0,2073.0000000000005,1,69.10000000000001,500
Rec000006.wav,./recordings/Rec000006.wav,1752872923.2013965,44100,5.0,2085.0,1,69.5,500
Rec000007.wav,./recordings/Rec000007.wav,1752872923.202453,44100,5.0,2088.0000000000005,1,69.60000000000001,500
Rec000008.wav,./recordings/Rec000008.wav,1752872923.2033157,44100,5.0,2100.0,1,70.0,500
Rec000009.wav,./recordings/Rec000009.wav,1752872923.204308,44100,5.0,2109.0,1,70.3,500
Rec000010.wav,./recordings/Rec000010.wav,1752872923.2050996,44100,5.0,2112.0,1,70.4,500
Rec000011.wav,./recordings/Rec000011.wav,1752872923.2058039,44100,5.0,2100.0,1,70.0,500
Rec000014.wav,./recordings/Rec000014.wav,1752872923.2061195,44100,5.0,2103.0000000000005,1,70.10000000000001,500
Rec000015.wav,./recordings/Rec000015.wav,1752872923.2069044,44100,5.0,2103.0000000000005,1,70.10000000000001,500
Rec000017.wav,./recordings/Rec000017.wav,1752872923.207592,44100,5.0,2118.0000000000005,1,70.60000000000001,500
Rec000019.wav,./recordings/Rec000019.wav,1752872923.2083364,44100,5.0,2046.0,1,68.2,500
Rec000020.wav,./recordings/Rec000020.wav,1752872923.209091,44100,5.0,2046.0,1,68.2,500
Rec000021.wav,./recordings/Rec000021.wav,1752872923.2098732,44100,5.0,2043.0000000000002,1,68.10000000000001,500
Rec000022.wav,./recordings/Rec000022.wav,1752872923.2107112,44100,5.0,2052.0,1,68.4,500
Rec000023.wav,./recordings/Rec000023.wav,1752872923.2121234,44100,5.0,2052.0,1,68.4,500
Rec000024.wav,./recordings/Rec000024.wav,1752872923.213883,44100,5.0,2052.0,1,68.4,500
Rec000025.wav,./recordings/Rec000025.wav,1752872923.2148683,44100,5.0,2052.0,1,68.4,500
Rec000026.wav,./recordings/Rec000026.wav,1752872923.2158964,44100,5.0,2052.0,1,68.4,500
Rec000028.wav,./recordings/Rec000028.wav,1752872923.216844,44100,5.0,2058.0000000000005,1,68.60000000000001,500
Rec000029.wav,./recordings/Rec000029.wav,1752872923.217856,44100,5.0,2055.0,1,68.5,500
Rec000030.wav,./recordings/Rec000030.wav,1752872923.2186837,44100,5.0,2058.0000000000005,1,68.60000000000001,500
Rec000031.wav,./recordings/Rec000031.wav,1752872923.2194364,44100,5.0,2064.0,1,68.8,500
Rec000032.wav,./recordings/Rec000032.wav,1752872923.2203953,44100,5.0,2064.0,1,68.8,500
Rec000033.wav,./recordings/Rec000033.wav,1752872923.2211416,44100,5.0,2067.0,1,68.9,500
Rec000034.wav,./recordings/Rec000034.wav,1752872923.2218945,44100,5.0,2052.0,1,68.4,500
Rec000035.wav,./recordings/Rec000035.wav,1752872923.222668,44100,5.0,2073.0000000000005,1,69.10000000000001,500
Rec000036.wav,./recordings/Rec000036.wav,1752872923.223556,44100,5.0,2067.0,1,68.9,500
Rec000037.wav,./recordings/Rec000037.wav,1752872923.2243428,44100,5.0,2064.0,1,68.8,500
Rec000039.wav,./recordings/Rec000039.wav,1752872923.224493,44100,5.0,2064.0,1,68.8,500
Rec000040.wav,./recordings/Rec000040.wav,1752872923.225196,44100,5.0,2088.0000000000005,1,69.60000000000001,500
Rec000041.wav,./recordings/Rec000041.wav,1752872923.2258909,44100,5.0,2073.0000000000005,1,69.10000000000001,500
Rec000042.wav,./recordings/Rec000042.wav,1752872923.2269742,44100,5.0,2073.0000000000005,1,69.10000000000001,500
Rec000043.wav,./recordings/Rec000043.wav,1752872923.2276704,44100,5.0,2073.0000000000005,1,69.10000000000001,500
Rec000044.wav,./recordings/Rec000044.wav,1752872923.228373,44100,5.0,2079.0,1,69.3,500
Rec000045.wav,./recordings/Rec000045.wav,1752872923.2292387,44100,5.0,2079.0,1,69.3,500
Rec000046.wav,./recordings/Rec000046.wav,1752872923.2304816,44100,5.0,2082.0,1,69.4,500
Rec000047.wav,./recordings/Rec000047.wav,1752872923.2311735,44100,5.0,2067.0,1,68.9,500
Rec000050.wav,./recordings/Rec000050.wav,1752872923.2318785,44100,5.0,2067.0,1,68.9,500
Rec000051.wav,./recordings/Rec000051.wav,1752872923.2327597,44100,5.0,2076.0,1,69.2,500
Rec000061.wav,./recordings/Rec000061.wav,1752872923.2335553,44100,5.0,2079.0,1,69.3,500
Rec000062.wav,./recordings/Rec000062.wav,1752872923.2344952,44100,5.0,2091.0,1,69.7,500
Rec000063.wav,./recordings/Rec000063.wav,1752872923.235221,44100,5.0,2088.0000000000005,1,69.60000000000001,500
Rec000064.wav,./recordings/Rec000064.wav,1752872923.2358458,44100,5.0,2085.0,1,69.5,500
Rec000065.wav,./recordings/Rec000065.wav,1752872923.2369437,44100,5.0,2085.0,1,69.5,500
